Argentina,232.5,400.9
Argentina,230,401.7
Argentina,228.6,403
Argentina,229.5,404.5
Argentina,226.5,405.2
Argentina,223.3,405.8
Argentina,220.8,406.8
Argentina,217,407
Argentina,217.3,408.5
Argentina,219.9,410.1
Argentina,220.2,412.6
Argentina,221.6,413.9
Argentina,219.7,416.3
Argentina,217.3,418
Argentina,214.9,417.6
Argentina,212.6,419
Argentina,209.9,419.2
Argentina,206.6,420
Argentina,207.6,422.5
Argentina,205.5,425.6
Argentina,205.3,426.6
Argentina,202.1,427.1
Argentina,201.6,428.9
Argentina,202.7,429.6
Argentina,200.8,432.3
Argentina,201.6,434.6
Argentina,200.4,436.8
Argentina,199.5,438.9
Argentina,197.2,440.7
Argentina,196.7,442.2
Argentina,198.2,443.7
Argentina,197.6,446
Argentina,198.8,447.3
Argentina,198.6,450.1
Argentina,198.1,452.9
Argentina,197.8,454.8
Argentina,198.1,456.3
Argentina,195.9,459
Argentina,196.1,461.7
Argentina,196.8,463.9
Argentina,198,465.1
Argentina,197.3,467.6
Argentina,198.8,468.8
Argentina,200,470.4
Argentina,200.1,472.4
Argentina,201.5,473.9
Argentina,201.2,475.8
Argentina,200.7,478.6
Argentina,202.5,477
Argentina,204.8,476.6
Argentina,206.6,476.3
Argentina,208,477.5
Argentina,209,479
Argentina,211.4,479.1
Argentina,213,479.2
Argentina,214.6,481.1
Argentina,212.5,482.2
Argentina,209.9,482.2
Argentina,207.8,483.4
Argentina,204.8,484
Argentina,202.2,482.8
Argentina,200.7,481
Argentina,198.1,478.5
Argentina,194.7,478.5
Argentina,193.4,477.5
Argentina,191.7,477.6
Argentina,191.6,476.6
Argentina,189.5,475.9
Argentina,189.5,474.5
Argentina,187.3,474.1
Argentina,185.4,472.8
Argentina,183.6,470.9
Argentina,181.2,469.8
Argentina,180,467.8
Argentina,179.5,466.1
Argentina,177.8,465
Argentina,177.6,462.2
Argentina,176.5,460.4
Argentina,175.8,458.1
Argentina,174.6,456.6
Argentina,174.5,454.1
Argentina,174.3,451.7
Argentina,172.8,449.6
Argentina,171.7,446.5
Argentina,172.2,444
Argentina,173,440.7
Argentina,172.3,440.1
Argentina,173.8,434.7
Argentina,174.9,432.5
Argentina,173.9,430.2
Argentina,174.6,428.5
Argentina,174.6,426.7
Argentina,172.8,425.5
Argentina,172.9,415.8
Argentina,174.1,413.4
Argentina,174.6,410.1
Argentina,173.6,408.2
Argentina,174.8,406.7
Argentina,174.7,403.6
Argentina,175.9,399
Argentina,176.1,395.7
Argentina,174.9,390.2
Argentina,175.8,387.4
Argentina,176,385.3
Argentina,176.1,382.5
Argentina,177.2,380.2
Argentina,175.8,375.3
Argentina,176.7,372.7
Argentina,176.5,367.5
Argentina,177.5,362.8
Argentina,177.3,359.2
Argentina,176.4,355.6
Argentina,179.4,354.2
Argentina,179.5,357.7
Argentina,181.8,360.3
Argentina,183.9,363.1
Argentina,185.7,365.3
Argentina,188.2,368.6
Argentina,190.1,367.3
Argentina,189.8,363.2
Argentina,191.9,363.1
Argentina,193.9,366.1
Argentina,196.5,365.9
Argentina,198.8,365.2
Argentina,201.3,366
Argentina,203.6,366.2
Argentina,205.4,367.9
Argentina,206.6,369.9
Argentina,208.6,370.2
Argentina,210.5,372.4
Argentina,213.3,373.1
Argentina,216.9,373.3
Argentina,216.9,375.3
Argentina,216.6,378.7
Argentina,214.5,382
Argentina,215.7,383.1
Argentina,219.4,382.1
Argentina,222.1,380.6
Argentina,224.9,378.6
Argentina,227.9,376.8
Argentina,227.9,379.9
Argentina,225.7,382
Argentina,224.9,384.5
Argentina,222.2,385.2
Argentina,220.2,387.7
Argentina,222.3,388.6
Argentina,225.2,389.1
Argentina,224.8,392
Argentina,224.8,394.1
Argentina,229.1,394.1
Argentina,228.7,398.6
Peru,173.3,354.5
Peru,171,351.1
Peru,167.8,349.5
Peru,165.5,347.6
Peru,162.7,346.3
Peru,160.9,344.8
Peru,158.9,342.4
Peru,157.8,339.9
Peru,158.3,336.7
Peru,155.6,334.7
Peru,152.9,331.6
Peru,150.9,329
Peru,149,326.5
Peru,149.1,323.5
Peru,147.2,321.7
Peru,145.4,318.4
Peru,145,314.5
Peru,145.2,312
Peru,146.2,310.8
Peru,144.8,308.4
Peru,144.8,306.2
Peru,146,303.5
Peru,146.9,301
Peru,147.6,298.6
Peru,149,296.6
Peru,151.7,297.6
Peru,153.8,299.7
Peru,155.6,302.2
Peru,158.9,302.2
Peru,161.5,303.5
Peru,163.8,304.3
Peru,166,304.5
Peru,168.1,305.7
Peru,170.4,306.5
Peru,171.8,309.2
Peru,168,309.4
Peru,167.5,312.4
Peru,166.7,315.1
Peru,163.9,315.8
Peru,161.6,318
Peru,162.1,320.6
Peru,164.3,322
Peru,166.9,322.6
Peru,168.3,324.1
Peru,171.6,325
Peru,175.5,325
Peru,176.6,326
Peru,175.8,327.3
Peru,172.9,329
Peru,172.2,330.7
Peru,173.1,333.6
Peru,174.7,334.2
Peru,176.7,333.8
Peru,181,331.9
Peru,183.6,331.2
Peru,186.2,331.1
Peru,186.8,329.7
Peru,188.3,328.8
Peru,190.2,329.6
Peru,191.9,330.7
Peru,192.9,332.8
Peru,194.3,333.8
Peru,196.3,335
Peru,199.1,335.7
Peru,200.5,336.8
Peru,201.4,338.3
Peru,202.7,338.8
Peru,205.8,338.3
Peru,206.9,338.9
Peru,208.1,341.7
Peru,209.2,343.2
Peru,209.1,345.3
Peru,210.5,345.9
Peru,212.7,347.2
Peru,213.4,348.5
Peru,214,350.6
Peru,215.4,352.4
Peru,217.8,358.3
Peru,217.1,361
Peru,217.7,362.2
Peru,219.2,363.1
Peru,221,364.7
Peru,221.7,366.1
Peru,223.5,366.8
Peru,224.1,369.1
Peru,224.9,372.4
Peru,226.1,374.1
Peru,227.9,376.8
Peru,224.9,378.6
Peru,222.1,380.6
Peru,219.4,382.1
Peru,215.7,383.1
Peru,214.5,382
Peru,216.6,378.7
Peru,216.9,375.3
Peru,216.9,373.3
Peru,213.3,373.1
Peru,210.5,372.4
Peru,208.6,370.2
Peru,206.6,369.9
Peru,205.4,367.9
Peru,203.6,366.2
Peru,201.3,366
Peru,198.8,365.2
Peru,196.5,365.9
Peru,193.9,366.1
Peru,191.9,363.1
Peru,189.8,363.2
Peru,190.1,367.3
Peru,188.2,368.6
Peru,185.7,365.3
Peru,183.9,363.1
Peru,181.8,360.3
Peru,179.5,357.7
Peru,179.4,354.2
Peru,176.4,355.6
Venezeula,150.7,293.5
Venezeula,150.6,290.2
Venezeula,150.6,287
Venezeula,152.6,284.6
Venezeula,154.5,282.3
Venezeula,154.8,278.8
Venezeula,155.9,275.2
Venezeula,155.9,272.1
Venezeula,159.4,271.3
Venezeula,161.6,270.9
Venezeula,166,268.2
Venezeula,169.6,266
Venezeula,173.3,265.5
Venezeula,175.9,263
Venezeula,179.9,262.6
Venezeula,181.4,264.3
Venezeula,181.6,266.3
Venezeula,184.5,266
Venezeula,185.2,264.8
Venezeula,187.2,266.1
Venezeula,189.5,265.9
Venezeula,195,267.7
Venezeula,200.7,266.9
Venezeula,203.2,268.3
Venezeula,205.9,270.4
Venezeula,208,272.7
Venezeula,209.9,274.3
Venezeula,211.7,275.8
Venezeula,214.6,276.8
Venezeula,215.6,278.3
Venezeula,217.2,278.2
Venezeula,217.7,280.5
Venezeula,220.8,279.5
Venezeula,222.8,280.7
Venezeula,224.7,281.1
Venezeula,225.5,282.1
Venezeula,230.7,282.9
Venezeula,232.2,281.6
Venezeula,235.7,284.9
Venezeula,231.6,289.1
Venezeula,229.8,292.7
Venezeula,220.8,293.8
Venezeula,220.3,295.6
Venezeula,208.3,295.5
Venezeula,206.8,291.5
Venezeula,205.6,290.7
Venezeula,205.2,286
Venezeula,200.6,287.7
Venezeula,197.5,290.4
Venezeula,194.6,289.2
Venezeula,194,294.6
Venezeula,192.1,295.7
Venezeula,190.3,296.9
Venezeula,187.2,297.3
Venezeula,184.2,295.2
Venezeula,182,294.8
Venezeula,180,296.3
Venezeula,178.1,298.8
Venezeula,177.1,301.9
Venezeula,178.8,303.7
Venezeula,178.6,306.5
Venezeula,175,308
Venezeula,171.8,309.2
Venezeula,170.4,306.5
Venezeula,168.1,305.7
Venezeula,166,304.5
Venezeula,163.8,304.3
Venezeula,161.5,303.5
Venezeula,158.9,302.2
Venezeula,155.6,302.2
Venezeula,153.8,299.7
Venezeula,151.7,297.6
Venezeula,149,296.6
Brazil,237.3,288.7
Brazil,238.4,291.4
Brazil,240.2,293.7
Brazil,239.3,296.4
Brazil,236.4,298.2
Brazil,238.6,299.5
Brazil,240.6,300.4
Brazil,243.6,300.1
Brazil,246.7,300.5
Brazil,248.9,300.6
Brazil,251.7,301.5
Brazil,254.8,302.4
Brazil,256.5,304.5
Brazil,259,304
Brazil,260.9,304.9
Brazil,263.8,304.2
Brazil,264.8,305.5
Brazil,267.1,306.1
Brazil,270.5,307.5
Brazil,273.8,309.3
Brazil,275.5,311.4
Brazil,278,311.8
Brazil,280.6,314.3
Brazil,281.1,317.9
Brazil,282,321.3
Brazil,281.6,324.4
Brazil,279.9,327.3
Brazil,278.6,329.3
Brazil,273.7,330.4
Brazil,274.3,334.1
Brazil,271.1,336.8
Brazil,270.7,340.6
Brazil,270.6,342.3
Brazil,271.1,344.9
Brazil,269.9,347
Brazil,270.2,352.6
Brazil,269.4,355.1
Brazil,266.5,356.8
Brazil,266.4,359.1
Brazil,265.2,361.2
Brazil,264.1,362.2
Brazil,263.6,364.5
Brazil,260.4,367.3
Brazil,249.6,369.9
Brazil,244.8,371.9
Brazil,242.9,375.5
Brazil,242,378.9
Brazil,241.1,380.1
Brazil,241.1,384.1
Brazil,241.7,385.8
Brazil,241.3,387.8
Brazil,239.7,388.9
Brazil,237.5,390
Brazil,237.1,392.9
Brazil,234.8,396.4
Brazil,233.9,398.3
Brazil,232.5,400.9
Brazil,228.7,398.6
Brazil,229.1,394.1
Brazil,224.8,394.1
Brazil,224.8,392
Brazil,225.2,389.1
Brazil,222.3,388.6
Brazil,220.2,387.7
Brazil,222.2,385.2
Brazil,224.9,384.5
Brazil,225.7,382
Brazil,227.9,379.9
Brazil,227.9,376.8
Brazil,226.1,374.1
Brazil,224.9,372.4
Brazil,224.1,369.1
Brazil,223.5,366.8
Brazil,221.7,366.1
Brazil,221,364.7
Brazil,219.2,363.1
Brazil,217.7,362.2
Brazil,217.1,361
Brazil,217.8,358.3
Brazil,215.4,352.4
Brazil,214,350.6
Brazil,213.4,348.5
Brazil,212.7,347.2
Brazil,210.5,345.9
Brazil,209.1,345.3
Brazil,209.2,343.2
Brazil,208.1,341.7
Brazil,206.9,338.9
Brazil,205.8,338.3
Brazil,202.7,338.8
Brazil,201.4,338.3
Brazil,200.5,336.8
Brazil,199.1,335.7
Brazil,196.3,335
Brazil,194.3,333.8
Brazil,192.9,332.8
Brazil,191.9,330.7
Brazil,190.2,329.6
Brazil,188.3,328.8
Brazil,186.8,329.7
Brazil,186.2,331.1
Brazil,183.6,331.2
Brazil,181,331.9
Brazil,176.7,333.8
Brazil,174.7,334.2
Brazil,173.1,333.6
Brazil,172.2,330.7
Brazil,172.9,329
Brazil,175.8,327.3
Brazil,176.6,326
Brazil,175.5,325
Brazil,171.6,325
Brazil,168.3,324.1
Brazil,166.9,322.6
Brazil,164.3,322
Brazil,162.1,320.6
Brazil,161.6,318
Brazil,163.9,315.8
Brazil,166.7,315.1
Brazil,167.5,312.4
Brazil,168,309.4
Brazil,171.8,309.2
Brazil,175,308
Brazil,178.6,306.5
Brazil,178.8,303.7
Brazil,177.1,301.9
Brazil,178.1,298.8
Brazil,180,296.3
Brazil,182,294.8
Brazil,184.2,295.2
Brazil,187.2,297.3
Brazil,190.3,296.9
Brazil,192.1,295.7
Brazil,194,294.6
Brazil,194.6,289.2
Brazil,197.5,290.4
Brazil,200.6,287.7
Brazil,205.2,286
Brazil,205.6,290.7
Brazil,206.8,291.5
Brazil,208.3,295.5
Brazil,220.3,295.6
Brazil,220.8,293.8
Brazil,229.8,292.7
Brazil,231.6,289.1
Brazil,235.7,284.9
Central America,153.4,280.9
Central America,152,278.5
Central America,150,277.6
Central America,148.1,276.3
Central America,146.5,277.5
Central America,144.8,276.5
Central America,143.6,275.1
Central America,142.8,273.5
Central America,141.3,272.6
Central America,141.7,270.6
Central America,141.4,269.2
Central America,140.3,267.5
Central America,140.1,265.1
Central America,139.8,262.3
Central America,139,260
Central America,137.6,258.2
Central America,136.3,254.7
Central America,135.6,253.1
Central America,133.5,251.7
Central America,125.3,248.3
Central America,121.6,247.2
Central America,119,246.2
Central America,118.2,244.7
Central America,117.9,242.7
Central America,116,241.5
Central America,116,240.2
Central America,118.1,237.6
Central America,118.4,235.6
Central America,116.8,234.5
Central America,113.8,232.3
Central America,113.5,231.6
Central America,110.4,231.9
Central America,108.3,232.7
Central America,106.9,233.4
Central America,106.2,232
Central America,106.4,228.1
Central America,106.3,226.9
Central America,104.8,226.5
Central America,104.2,225.3
Central America,103.8,222.4
Central America,102.8,218.1
Central America,102.3,215.2
Central America,102.5,213.1
Central America,101.2,211
Central America,99.3,209.6
Central America,96.7,208.2
Central America,96,205.8
Central America,96.2,202.6
Central America,97.5,204
Central America,105.3,203.9
Central America,109.2,206
Central America,111.4,208.4
Central America,120.7,208.1
Central America,124.5,211.5
Central America,126.4,212.1
Central America,128.8,214
Central America,133.7,213.8
Central America,134.1,217.6
Central America,133.2,221.3
Central America,131.9,223.8
Central America,131.1,225.6
Central America,133,227.5
Central America,132.6,230.3
Central America,132.9,233.3
Central America,133.5,235.2
Central America,133.7,236.5
Central America,135.7,240
Central America,137.8,241.3
Central America,139.6,241.5
Central America,142.2,240.7
Central America,145,239.6
Central America,146.3,239.9
Central America,147.1,237.9
Central America,148.1,235.6
Central America,149.6,234.7
Central America,151.6,235.3
Central America,153.3,235.7
Central America,154.6,235.4
Central America,155.8,234.9
Central America,155.5,238
Central America,154.9,239.9
Central America,153.6,242.4
Central America,151.7,243.9
Central America,151.2,245.8
Central America,151,247.6
Central America,148.8,248.1
Central America,148.6,250.9
Central America,150.7,252.3
Central America,152.1,254.1
Central America,152.4,256.2
Central America,152,258.6
Central America,150.6,259
Central America,149.6,260.1
Central America,150.1,262.9
Central America,149.8,263.8
Central America,148,263.8
Central America,147,265.2
Central America,146.8,267.1
Central America,146.1,268.1
Central America,146,270.6
Central America,146.3,272.2
Central America,148.5,272.6
Central America,149.8,272.1
Central America,151.4,271.1
Central America,153.2,270.1
Central America,154.9,270.4
Central America,155.9,272.1
Central America,155.9,275.2
Central America,154.8,278.8
Central America,154.5,282.3
Western United States,133.7,213.8
Western United States,128.8,214
Western United States,126.4,212.1
Western United States,124.5,211.5
Western United States,120.7,208.1
Western United States,111.4,208.4
Western United States,109.2,206
Western United States,105.3,203.9
Western United States,97.5,204
Western United States,96.2,202.6
Western United States,95.9,200.5
Western United States,95.2,198.5
Western United States,95.1,196.5
Western United States,94.2,194.3
Western United States,92.7,192.1
Western United States,91.2,190.1
Western United States,90,187
Western United States,89.8,184.4
Western United States,89.6,181.4
Western United States,89.9,179.5
Western United States,89.9,177.3
Western United States,89.9,174.7
Western United States,90.4,172.4
Western United States,91.1,169.8
Western United States,91.4,167.1
Western United States,92,164.4
Western United States,92.4,161.5
Western United States,93,159.4
Western United States,93.9,157.1
Western United States,94.8,155.6
Western United States,95.1,153.1
Western United States,96.2,151.5
Western United States,96.4,148.9
Western United States,96.4,146.3
Western United States,100.7,146.4
Western United States,107.3,146.4
Western United States,113.4,146.4
Western United States,121.1,146.4
Western United States,132.2,146.4
Western United States,144.4,146.4
Western United States,157.8,146
Western United States,157.7,154.7
Western United States,157.7,166.2
Western United States,157.9,174.5
Western United States,157.8,182.6
Western United States,146.2,183.5
Western United States,145.1,184.1
Western United States,144.8,185.7
Western United States,144.7,190.2
Western United States,144,191.4
Western United States,142.5,190.9
Western United States,138.9,192.5
Western United States,138.3,194.3
Western United States,137.7,197.5
Western United States,136.7,203.7
Western United States,134.5,204.5
Western United States,132.1,205
Western United States,131.5,205.4
Western United States,131.7,207.8
Western United States,133.2,208.5
Western United States,133.1,210.6
Western United States,133.6,212.6
Eastern United States,133,227.5
Eastern United States,131.1,225.6
Eastern United States,131.9,223.8
Eastern United States,133.2,221.3
Eastern United States,134.1,217.6
Eastern United States,133.7,213.8
Eastern United States,133.6,212.6
Eastern United States,133.1,210.6
Eastern United States,133.2,208.5
Eastern United States,131.7,207.8
Eastern United States,131.5,205.4
Eastern United States,132.1,205
Eastern United States,134.5,204.5
Eastern United States,136.7,203.7
Eastern United States,137.7,197.5
Eastern United States,138.3,194.3
Eastern United States,138.9,192.5
Eastern United States,142.5,190.9
Eastern United States,144,191.4
Eastern United States,144.7,190.2
Eastern United States,144.8,185.7
Eastern United States,145.1,184.1
Eastern United States,146.2,183.5
Eastern United States,157.8,182.6
Eastern United States,157.9,174.5
Eastern United States,157.7,166.2
Eastern United States,157.7,154.7
Eastern United States,157.8,146
Eastern United States,159.7,145.9
Eastern United States,164.3,145.9
Eastern United States,164.7,151.4
Eastern United States,168.4,149.9
Eastern United States,170.1,149.8
Eastern United States,171.9,150.1
Eastern United States,174.6,148.5
Eastern United States,175.8,148.8
Eastern United States,176.8,151.8
Eastern United States,178.3,154.5
Eastern United States,180.1,159.6
Eastern United States,181.1,163.9
Eastern United States,180.6,166
Eastern United States,178.9,168.4
Eastern United States,180.8,170.3
Eastern United States,183.7,172.7
Eastern United States,185.5,172.5
Eastern United States,188,170.3
Eastern United States,188.4,168.8
Eastern United States,188,167.2
Eastern United States,189.6,166.6
Eastern United States,191.4,166.4
Eastern United States,193.7,164
Eastern United States,195.4,163.8
Eastern United States,198.8,162.6
Eastern United States,199.9,161.6
Eastern United States,203.9,161.4
Eastern United States,207.9,161
Eastern United States,211.2,160.6
Eastern United States,213.3,159.7
Eastern United States,213,155.6
Eastern United States,214.8,154.2
Eastern United States,217,153.4
Eastern United States,219.2,154.3
Eastern United States,221.7,156.7
Eastern United States,221.3,159.5
Eastern United States,220.6,162.2
Eastern United States,221,163.3
Eastern United States,223.6,163.6
Eastern United States,224.5,164.5
Eastern United States,225.3,166.2
Eastern United States,226.8,166.2
Eastern United States,226.3,168.8
Eastern United States,224.7,170.2
Eastern United States,222.7,171.8
Eastern United States,221.5,172.8
Eastern United States,220.2,171.1
Eastern United States,221.5,168.4
Eastern United States,221.9,166.6
Eastern United States,221.9,165.1
Eastern United States,219.3,165.6
Eastern United States,217.6,165.5
Eastern United States,215.9,167.7
Eastern United States,214,169.1
Eastern United States,212.7,171.1
Eastern United States,211.2,173.3
Eastern United States,211.3,175.9
Eastern United States,212.1,178.1
Eastern United States,210.8,180.4
Eastern United States,208.9,180.9
Eastern United States,207,182.8
Eastern United States,203.7,186.7
Eastern United States,202.2,188.1
Eastern United States,200.4,188.9
Eastern United States,199.5,190.3
Eastern United States,199.2,191.7
Eastern United States,199.8,193.4
Eastern United States,201.2,194
Eastern United States,202.6,194.5
Eastern United States,201.9,196.5
Eastern United States,200.5,198.3
Eastern United States,198.8,199.6
Eastern United States,196.6,201.4
Eastern United States,193.1,204.6
Eastern United States,189.5,206
Eastern United States,188.2,207.2
Eastern United States,188.1,209.7
Eastern United States,187,210.6
Eastern United States,185.9,210.8
Eastern United States,186.2,213.6
Eastern United States,186.5,216.9
Eastern United States,187.5,219.8
Eastern United States,187.9,222.7
Eastern United States,188.1,226.4
Eastern United States,184.8,228.2
Eastern United States,183.5,228
Eastern United States,182.7,226.9
Eastern United States,181.9,225.7
Eastern United States,180.5,224.5
Eastern United States,180.4,222.4
Eastern United States,180.8,219
Eastern United States,179,217.8
Eastern United States,177.6,214
Eastern United States,175.7,212.8
Eastern United States,172,214.3
Eastern United States,163.3,212
Eastern United States,157.5,211.7
Eastern United States,151.3,213
Eastern United States,149,213.3
Eastern United States,142.9,215.1
Eastern United States,141.3,216.1
Eastern United States,140.2,218.5
Eastern United States,139.1,219.3
Eastern United States,137.2,220.3
Eastern United States,135.6,222.6
Eastern United States,134.6,225
Eastern United States,133.2,226.2
Alberta,144.4,146.4
Alberta,132.2,146.4
Alberta,121.1,146.4
Alberta,113.4,146.4
Alberta,107.3,146.4
Alberta,100.7,146.4
Alberta,96.4,146.3
Alberta,96.3,145.6
Alberta,94.5,144
Alberta,93.8,142.5
Alberta,93.7,140.4
Alberta,93.9,138.3
Alberta,93.4,136.4
Alberta,92,134.2
Alberta,91.5,131.8
Alberta,89.3,129.3
Alberta,88.5,126.3
Alberta,86.4,123.9
Alberta,88.6,123.6
Alberta,89.7,119.6
Alberta,92.1,119.2
Alberta,92.6,114.1
Alberta,90.1,113.3
Alberta,88.1,110.4
Alberta,88.3,103.4
Alberta,87,100.6
Alberta,85.3,96.1
Alberta,99.9,96.6
Alberta,114.4,97.1
Alberta,129.2,97.6
Alberta,148.4,98.1
Alberta,147.6,107.9
Alberta,146.2,122.8
Alberta,145.5,132.2
Ontario,199.9,161.6
Ontario,198.8,162.6
Ontario,195.4,163.8
Ontario,193.7,164
Ontario,191.4,166.4
Ontario,189.6,166.6
Ontario,188,167.2
Ontario,188.4,168.8
Ontario,188,170.3
Ontario,185.5,172.5
Ontario,183.7,172.7
Ontario,180.8,170.3
Ontario,178.9,168.4
Ontario,180.6,166
Ontario,181.1,163.9
Ontario,180.1,159.6
Ontario,178.3,154.5
Ontario,176.8,151.8
Ontario,175.8,148.8
Ontario,174.6,148.5
Ontario,171.9,150.1
Ontario,170.1,149.8
Ontario,168.4,149.9
Ontario,164.7,151.4
Ontario,164.3,145.9
Ontario,159.7,145.9
Ontario,157.8,146
Ontario,144.4,146.4
Ontario,145.5,132.2
Ontario,146.2,122.8
Ontario,147.6,107.9
Ontario,148.4,98.1
Ontario,157.4,98.2
Ontario,166.6,98.4
Ontario,164.9,101.4
Ontario,164.2,105.7
Ontario,163.9,110
Ontario,164.8,110.8
Ontario,168.1,115.2
Ontario,171.6,119.7
Ontario,173.4,120.7
Ontario,175.8,120.6
Ontario,177.7,121.9
Ontario,178.4,123.2
Ontario,182.2,120.8
Ontario,185.4,122.4
Ontario,189.9,121
Ontario,190.4,121.9
Ontario,189.3,122.9
Ontario,185.7,124.6
Ontario,187,126.9
Ontario,188.5,128.1
Ontario,188.4,131.5
Ontario,187.6,133.3
Ontario,188.6,135.1
Ontario,189.3,137.1
Ontario,190.8,138.3
Ontario,191.4,140.2
Ontario,190.8,144.9
Ontario,190.7,149.2
Ontario,190.4,159.4
Ontario,192.2,158
Ontario,194.6,159.5
Ontario,196.2,157.2
Ontario,197.9,158.2
Ontario,199.5,158.1
Ontario,199.9,160.6
Quebec,226.8,166.2
Quebec,225.3,166.2
Quebec,224.5,164.5
Quebec,223.6,163.6
Quebec,221,163.3
Quebec,220.6,162.2
Quebec,221.3,159.5
Quebec,221.7,156.7
Quebec,219.2,154.3
Quebec,217,153.4
Quebec,214.8,154.2
Quebec,213,155.6
Quebec,213.3,159.7
Quebec,211.2,160.6
Quebec,207.9,161
Quebec,203.9,161.4
Quebec,199.9,161.6
Quebec,199.5,158.1
Quebec,197.9,158.2
Quebec,196.2,157.2
Quebec,194.6,159.5
Quebec,192.2,158
Quebec,190.4,159.4
Quebec,190.7,149.2
Quebec,190.8,144.9
Quebec,191.4,140.2
Quebec,192.3,137.9
Quebec,193.5,136.2
Quebec,194.9,132.7
Quebec,195,129.8
Quebec,193.9,127.6
Quebec,195,123.2
Quebec,195.7,122.6
Quebec,198.9,122.8
Quebec,200.2,121.8
Quebec,200.2,119.5
Quebec,201,118.3
Quebec,202.8,117.8
Quebec,202.4,114
Quebec,200.7,109.4
Quebec,200.7,106.5
Quebec,202.5,105.7
Quebec,202.2,103.7
Quebec,205,102.9
Quebec,205.7,101.2
Quebec,203.6,95.9
Quebec,203.7,95
Quebec,205.3,94.8
Quebec,208.6,95.6
Quebec,214.7,95.9
Quebec,214.8,97.5
Quebec,216.7,98.2
Quebec,218.3,99.8
Quebec,220.2,101.7
Quebec,220,103.6
Quebec,220.4,106
Quebec,219.5,107.1
Quebec,219.9,110.8
Quebec,221.7,111.7
Quebec,223.2,110.6
Quebec,224.8,109.5
Quebec,226.6,109.6
Quebec,228.1,107.3
Quebec,229,105.3
Quebec,230.7,104.5
Quebec,231.3,105.5
Quebec,231.3,110.5
Quebec,232.3,111.8
Quebec,234.1,111.3
Quebec,234.7,113.7
Quebec,234.3,115.3
Quebec,235.5,117.3
Quebec,235.7,119.4
Quebec,237.5,118.7
Quebec,238.4,121.6
Quebec,240.2,122.3
Quebec,241.4,123.7
Quebec,241.9,126.1
Quebec,244.8,124.1
Quebec,247.6,125.1
Quebec,245.3,126.5
Quebec,244.3,128.3
Quebec,245.6,129
Quebec,248.5,128
Quebec,249,129.3
Quebec,248.3,133.1
Quebec,247.6,134
Quebec,245.2,135.1
Quebec,242.7,137.2
Quebec,241.4,138
Quebec,240.3,139
Quebec,236.4,139.3
Quebec,235.3,141.2
Quebec,234.9,143.2
Quebec,229.3,144.6
Quebec,227.2,145.4
Quebec,225.6,144.6
Quebec,223.7,143.9
Quebec,221.6,144.5
Quebec,219.8,145.9
Quebec,217.8,146.6
Quebec,216.1,147.8
Quebec,215.2,149.7
Quebec,216.4,151.5
Quebec,217.5,151.9
Quebec,218.9,149.5
Quebec,220.1,147.7
Quebec,221.5,146.7
Quebec,223.4,147.3
Quebec,225.2,148.4
Quebec,225.8,150.1
Quebec,225.3,152.8
Quebec,225.6,154.7
Quebec,226.6,157
Quebec,226.6,158.2
Quebec,226.2,159.1
Quebec,229.2,161.7
Quebec,230.4,160.3
Quebec,231.3,158.4
Quebec,233.2,158.8
Quebec,233.3,159.7
Quebec,231.8,162.9
Quebec,230.6,164
Quebec,229.3,164
Quebec,227.8,165.6
Alaska,85.3,96.1
Alaska,87,100.6
Alaska,88.3,103.4
Alaska,88.1,110.4
Alaska,90.1,113.3
Alaska,92.6,114.1
Alaska,92.1,119.2
Alaska,89.7,119.6
Alaska,88.6,123.6
Alaska,86.4,123.9
Alaska,85.7,122.6
Alaska,84.9,120.1
Alaska,82.9,118.6
Alaska,82.7,117.4
Alaska,83.1,115.7
Alaska,82.4,114.3
Alaska,80.6,112.6
Alaska,79.9,111.2
Alaska,80,108.3
Alaska,76.7,107.7
Alaska,75.1,105.8
Alaska,71.6,105.4
Alaska,70,103
Alaska,67.2,102.3
Alaska,66.3,101
Alaska,64.4,99.5
Alaska,63.7,99.6
Alaska,61.8,101
Alaska,62.8,102.2
Alaska,61.6,102.7
Alaska,57.6,103.5
Alaska,56.4,103.1
Alaska,54.4,103.3
Alaska,54.2,102.2
Alaska,54.7,100.6
Alaska,57.1,99.6
Alaska,55.9,98.3
Alaska,50.4,99.6
Alaska,49.1,100.6
Alaska,48.4,102.7
Alaska,48.2,103.6
Alaska,45.4,104.8
Alaska,44.4,104.9
Alaska,42,106.8
Alaska,39.7,108.9
Alaska,36.8,109.8
Alaska,35.2,111.7
Alaska,33.3,114.1
Alaska,31.7,114.3
Alaska,30.3,116
Alaska,27.6,113.5
Alaska,28.9,112.4
Alaska,31.2,112
Alaska,33.2,109
Alaska,34.8,108.3
Alaska,36.2,109
Alaska,37.3,105.8
Alaska,38,104.2
Alaska,39.9,102.4
Alaska,40.3,101.7
Alaska,39.5,101.4
Alaska,37.3,101.1
Alaska,33.8,102.5
Alaska,31.1,101.9
Alaska,30.2,98.9
Alaska,29.1,97.6
Alaska,27.2,97.7
Alaska,27.2,96.6
Alaska,27.8,95.5
Alaska,26,94.1
Alaska,23.5,95
Alaska,23.8,93.8
Alaska,24.8,92.3
Alaska,26.3,91
Alaska,27.6,87.7
Alaska,27.9,86.5
Alaska,27.6,85.9
Alaska,29.8,84.1
Alaska,32.6,84
Alaska,35.7,85.4
Alaska,37.7,83.9
Alaska,39.2,82.2
Alaska,39.5,80.5
Alaska,37.5,81.2
Alaska,35.4,81.6
Alaska,34.1,82.3
Alaska,32.9,79.7
Alaska,32.1,77.9
Alaska,32.1,73.8
Alaska,33.1,72.5
Alaska,35.8,71.6
Alaska,39.6,72
Alaska,39.8,73.3
Alaska,42,73.6
Alaska,44.2,71.4
Alaska,41.9,70.2
Alaska,41.2,68.8
Alaska,41,67
Alaska,40.1,64.9
Alaska,38.3,62.7
Alaska,38.5,61.7
Alaska,43.9,60.4
Alaska,47.9,57.7
Alaska,51.8,57.5
Alaska,54.5,56.1
Alaska,56.3,55.4
Alaska,59,55.5
Alaska,64.6,59.2
Alaska,66.6,58.7
Alaska,68.9,60.6
Alaska,71.4,61.3
Alaska,79,63.5
Alaska,78.3,77.6
Alaska,77.6,95.4
Alaska,80.9,95.7
Alaska,84.3,96
Northwest Territory,166.6,98.4
Northwest Territory,157.4,98.2
Northwest Territory,148.4,98.1
Northwest Territory,129.2,97.6
Northwest Territory,114.4,97.1
Northwest Territory,99.9,96.6
Northwest Territory,85.3,96.1
Northwest Territory,84.3,96
Northwest Territory,80.9,95.7
Northwest Territory,77.6,95.4
Northwest Territory,78.3,77.6
Northwest Territory,79,63.5
Northwest Territory,80.9,63.7
Northwest Territory,85.8,62.5
Northwest Territory,96.2,66.1
Northwest Territory,97.9,65.1
Northwest Territory,99.3,63.7
Northwest Territory,102.7,63.9
Northwest Territory,107,63.1
Northwest Territory,107.5,61.5
Northwest Territory,110,61.4
Northwest Territory,113.5,60.5
Northwest Territory,116.3,59.9
Northwest Territory,118.9,60
Northwest Territory,119.4,62.3
Northwest Territory,122.8,62.2
Northwest Territory,126.1,63.3
Northwest Territory,132.8,68.1
Northwest Territory,134,67.8
Northwest Territory,134.7,67.2
Northwest Territory,135,70
Northwest Territory,136.2,71.5
Northwest Territory,138.9,72
Northwest Territory,140.9,70.9
Northwest Territory,142.5,69.2
Northwest Territory,147,70.3
Northwest Territory,148.8,70
Northwest Territory,154,66.9
Northwest Territory,155.6,66.7
Northwest Territory,159.4,68.6
Northwest Territory,162.9,69.3
Northwest Territory,165.8,69
Northwest Territory,165.8,63.6
Northwest Territory,168.6,63.6
Northwest Territory,169,67.1
Northwest Territory,172.3,66.8
Northwest Territory,174.1,65.1
Northwest Territory,173.7,63.4
Northwest Territory,172.2,61.8
Northwest Territory,172,59
Northwest Territory,173.1,55.7
Northwest Territory,175,52.4
Northwest Territory,176.4,50.1
Northwest Territory,176.6,47.8
Northwest Territory,177.7,47
Northwest Territory,180.6,48.4
Northwest Territory,181.4,45.6
Northwest Territory,184.1,45.2
Northwest Territory,185,46.5
Northwest Territory,183.7,47.9
Northwest Territory,183,50.3
Northwest Territory,182.1,51
Northwest Territory,180.2,50.7
Northwest Territory,176.9,57.2
Northwest Territory,178.2,58.9
Northwest Territory,179.1,62.3
Northwest Territory,178.9,64.8
Northwest Territory,180.3,64.7
Northwest Territory,181,65.8
Northwest Territory,185.1,66
Northwest Territory,185.4,66.7
Northwest Territory,183.9,69.2
Northwest Territory,188.4,70.3
Northwest Territory,190.1,69.1
Northwest Territory,192.1,66.6
Northwest Territory,193.4,66.1
Northwest Territory,194.3,67.6
Northwest Territory,195.1,69.5
Northwest Territory,196,70.3
Northwest Territory,195.1,72.3
Northwest Territory,195.8,73.4
Northwest Territory,196.9,73.8
Northwest Territory,193.6,77
Northwest Territory,189.7,77.3
Northwest Territory,187.6,81.2
Northwest Territory,186.4,81.5
Northwest Territory,185.2,83.4
Northwest Territory,183.8,83.8
Northwest Territory,182.2,83.3
Northwest Territory,179,80.6
Northwest Territory,178.4,82.7
Northwest Territory,180.2,85.5
Northwest Territory,179.9,87
Northwest Territory,175.8,88.4
Northwest Territory,173.3,90.6
Northwest Territory,171,93.2
Northwest Territory,168.6,95.8
Northwest Territory,167.3,97.5
Greenland,232,61.3
Greenland,231.3,59.5
Greenland,230.4,57.8
Greenland,228.2,57.7
Greenland,226.9,56.4
Greenland,225.9,55.3
Greenland,223.5,55.6
Greenland,221.8,56.7
Greenland,221.6,57.6
Greenland,216.4,58.1
Greenland,215.1,57.1
Greenland,212.8,56.9
Greenland,211.2,57.4
Greenland,210,56
Greenland,208.3,54.8
Greenland,209.5,53.2
Greenland,210.5,51.8
Greenland,213,51.9
Greenland,215.3,50.9
Greenland,214.5,49.8
Greenland,211.3,49.8
Greenland,210.7,47.5
Greenland,212.6,47.2
Greenland,214.8,47.2
Greenland,216.2,46.2
Greenland,219.6,46.7
Greenland,220.6,45.7
Greenland,221.7,44.6
Greenland,218.8,43.8
Greenland,219.2,42.9
Greenland,219.9,41.5
Greenland,219.2,40.1
Greenland,221.5,39.7
Greenland,224,40
Greenland,224.3,37.3
Greenland,225.5,36.9
Greenland,228.7,36.3
Greenland,230.4,35.2
Greenland,231,33.9
Greenland,234.2,34.8
Greenland,235.7,32.8
Greenland,239.5,33.6
Greenland,240.6,32.8
Greenland,241.2,32.3
Greenland,243.6,32.9
Greenland,244,30.8
Greenland,243.6,29.8
Greenland,246.9,29.1
Greenland,248.5,27
Greenland,251.4,26.5
Greenland,250.8,24.7
Greenland,249.8,23.7
Greenland,250.5,23
Greenland,252.9,22.8
Greenland,255,22
Greenland,256.7,22.4
Greenland,258,21.6
Greenland,259.6,19.2
Greenland,260.9,20.3
Greenland,263.9,18.7
Greenland,267.3,19.2
Greenland,270.2,19.2
Greenland,271.9,19.5
Greenland,273.9,20.2
Greenland,277.4,20.1
Greenland,279.4,21.4
Greenland,283.9,21.4
Greenland,284.6,23.7
Greenland,289,24.4
Greenland,287.8,25.6
Greenland,284.9,26.7
Greenland,284.9,27.7
Greenland,279.5,28.9
Greenland,281,29.5
Greenland,285,29.4
Greenland,286,30.3
Greenland,286.6,31.2
Greenland,290.7,30.1
Greenland,292.5,30.2
Greenland,294.9,30.9
Greenland,295.7,29.3
Greenland,295.4,27.8
Greenland,299.5,28.5
Greenland,301.9,26.9
Greenland,303,25.9
Greenland,304.2,29.3
Greenland,301.9,31
Greenland,301.1,30.8
Greenland,299.9,34.4
Greenland,297.6,35.9
Greenland,297.5,38.2
Greenland,296.7,42.2
Greenland,297,43.5
Greenland,298.6,44.3
Greenland,299.9,46.8
Greenland,298.8,49.5
Greenland,298.1,53.9
Greenland,298.8,54.1
Greenland,299.5,52.7
Greenland,300.1,56
Greenland,298.4,57.1
Greenland,297.4,57.3
Greenland,297.4,59.7
Greenland,296.3,61.1
Greenland,296,61.8
Greenland,293.3,59.4
Greenland,292.1,60
Greenland,290.6,60.5
Greenland,291.9,61.9
Greenland,293.3,62.8
Greenland,294.1,65.4
Greenland,295.7,65.6
Greenland,296,67
Greenland,295.9,68.4
Greenland,297.2,69.9
Greenland,295.3,71.3
Greenland,294.1,72.6
Greenland,292.5,72.6
Greenland,292,69.9
Greenland,291.2,68.4
Greenland,289.6,67.3
Greenland,288.9,70.6
Greenland,287.7,71
Greenland,291.5,74
Greenland,289.9,75.8
Greenland,289,75.7
Greenland,287.9,75.2
Greenland,284.6,78.3
Greenland,284,79.1
Greenland,282.2,76.6
Greenland,281.3,79.7
Greenland,280.1,82.9
Greenland,279,83.2
Greenland,277.1,82.9
Greenland,275.4,84.9
Greenland,273.5,85.7
Greenland,273.1,84.6
Greenland,271.4,88.1
Greenland,264.2,89
Greenland,260.9,90.4
Greenland,261.1,95.6
Greenland,259.7,98.1
Greenland,258.6,103.6
Greenland,257.5,105.1
Greenland,256.7,112.2
Greenland,255.7,112.2
Greenland,255.6,113.9
Greenland,252.7,114.4
Greenland,252.1,111.7
Greenland,249.8,111.7
Greenland,248.8,112
Greenland,248.5,109.4
Greenland,247.6,108.5
Greenland,247.2,109.5
Greenland,243.6,105.6
Greenland,241.7,101.7
Greenland,241.4,99
Greenland,240.1,96.9
Greenland,240.4,92.7
Greenland,238.5,87.3
Greenland,239.1,86.2
Greenland,241.7,85
Greenland,242.9,79.5
Greenland,239.4,78.7
Greenland,238.5,77.7
Greenland,237.4,78.1
Greenland,235,76.9
Greenland,239.4,75.5
Greenland,240.9,76.3
Greenland,240.4,74.3
Greenland,236.2,71.5
Greenland,236,67.3
Greenland,234.2,65.2
Greenland,233.5,61.9
Iceland,304.1,96.3
Iceland,304,94.6
Iceland,305.2,93.3
Iceland,307.6,95.2
Iceland,308.4,93.3
Iceland,311,95.3
Iceland,313.5,94.7
Iceland,312,97.8
Iceland,314,100.3
Iceland,315.4,99.8
Iceland,316.6,96
Iceland,319.7,96.8
Iceland,319.3,98.2
Iceland,321.4,96.9
Iceland,322,95.4
Iceland,324.2,97.4
Iceland,325.1,96.4
Iceland,324.9,94.9
Iceland,327.2,95.6
Iceland,328.2,94.3
Iceland,328.6,92.7
Iceland,330.3,93
Iceland,332.1,91.1
Iceland,333.7,92.7
Iceland,336.2,93.3
Iceland,337.1,96.7
Iceland,338.6,96.1
Iceland,338.3,98.9
Iceland,340.7,98.8
Iceland,341.6,101.6
Iceland,341.5,103.9
Iceland,342,106.2
Iceland,339.4,107.4
Iceland,337.8,108.8
Iceland,336.6,111.8
Iceland,334.4,112.8
Iceland,331.1,113.3
Iceland,329.6,111.2
Iceland,329,113
Iceland,327.4,111.6
Iceland,327.7,114.6
Iceland,327.5,116.3
Iceland,326.2,117.3
Iceland,324.2,117.6
Iceland,322.6,118.4
Iceland,320.7,119.6
Iceland,318.4,118.2
Iceland,314.8,116.6
Iceland,312.9,116
Iceland,311.1,116.5
Iceland,309.1,116.1
Iceland,307.1,116.3
Iceland,306.5,115.7
Iceland,306.9,113.5
Iceland,309.1,111.8
Iceland,308.9,110.2
Iceland,308,109.7
Iceland,307,107.8
Iceland,305.3,108.1
Iceland,303.8,108.4
Iceland,302.2,106.8
Iceland,303.1,105.4
Iceland,304.8,105.2
Iceland,305.5,105.4
Iceland,306.9,102.3
Iceland,304.5,102.7
Iceland,303,100
Iceland,301.6,99.4
Iceland,302.6,97.7
Great Britian,304.5,149
Great Britian,303.6,148.4
Great Britian,302.4,147.6
Great Britian,300.7,147.2
Great Britian,300.3,144.6
Great Britian,298.6,144.4
Great Britian,298.3,142.7
Great Britian,297.4,141
Great Britian,299.9,139.1
Great Britian,299.1,137.3
Great Britian,296.6,137.5
Great Britian,295.6,136
Great Britian,297.2,134.8
Great Britian,298.5,132.9
Great Britian,300.7,132.3
Great Britian,301.7,129.5
Great Britian,303.2,125.8
Great Britian,306.2,126.3
Great Britian,310.3,125.6
Great Britian,311.1,128.4
Great Britian,308.8,130.2
Great Britian,308.4,134.1
Great Britian,309.5,134.4
Great Britian,311.1,133.7
Great Britian,312.8,134.1
Great Britian,314.9,132.6
Great Britian,315.5,134.9
Great Britian,316.3,136.7
Great Britian,315.5,138.3
Great Britian,314.7,140.1
Great Britian,313.7,140.7
Great Britian,314.5,142.3
Great Britian,312.8,142.8
Great Britian,311.8,144.7
Great Britian,309.8,145.6
Great Britian,310.3,147.2
Great Britian,312.5,146.4
Great Britian,315.6,146.4
Great Britian,316.7,147.7
Great Britian,318.1,149.3
Great Britian,318,151.9
Great Britian,319,154.2
Great Britian,320.3,155.9
Great Britian,321.8,157
Great Britian,322.8,158.7
Great Britian,323.9,160.9
Great Britian,324.7,163.3
Great Britian,324.7,165.5
Great Britian,323.7,167.5
Great Britian,324.4,168.8
Great Britian,326.2,168.3
Great Britian,329.5,167
Great Britian,331.5,167.7
Great Britian,332.9,169.3
Great Britian,332.8,171.1
Great Britian,331.2,174.6
Great Britian,329.1,175.1
Great Britian,327.7,177
Great Britian,328.5,179.1
Great Britian,329.3,181
Great Britian,327.6,182.1
Great Britian,324.5,182.1
Great Britian,321.5,183.4
Great Britian,317.2,183.1
Great Britian,314.5,184.3
Great Britian,312.1,182.3
Great Britian,309.4,185.1
Great Britian,305.8,185.4
Great Britian,303.4,187.8
Great Britian,301.2,187.7
Great Britian,300.7,187.1
Great Britian,303.4,183.2
Great Britian,306.1,181.7
Great Britian,306.8,179.5
Great Britian,308.3,178.7
Great Britian,308,177.4
Great Britian,305.9,176.6
Great Britian,303.2,175.6
Great Britian,298.1,175.7
Great Britian,295.2,176.2
Great Britian,292.6,177.2
Great Britian,289.4,178.4
Great Britian,286.6,180
Great Britian,284.6,179.1
Great Britian,284.3,178.1
Great Britian,281.9,178.1
Great Britian,282.9,176.7
Great Britian,281.9,176
Great Britian,283.7,175.2
Great Britian,285.5,172.8
Great Britian,286.8,170.2
Great Britian,283.2,168.4
Great Britian,283.8,166
Great Britian,282.7,164.4
Great Britian,283.7,163
Great Britian,283.4,161.2
Great Britian,287.1,158.4
Great Britian,288.5,159.6
Great Britian,290.6,156.8
Great Britian,293.5,154.5
Great Britian,297.9,154.9
Great Britian,299.2,153.9
Great Britian,299.6,156
Great Britian,303.4,155.5
Great Britian,304.1,153
Great Britian,305.1,151
Scandanavia,354.9,128.8
Scandanavia,354.8,126.9
Scandanavia,351.7,123.5
Scandanavia,352.4,119.6
Scandanavia,352.4,118.1
Scandanavia,351.2,115.3
Scandanavia,349.3,113.4
Scandanavia,349.6,111.2
Scandanavia,349.9,109.7
Scandanavia,351.9,109.6
Scandanavia,352.1,106
Scandanavia,354.6,103.3
Scandanavia,356.2,105.7
Scandanavia,357.8,103.7
Scandanavia,359.5,101.5
Scandanavia,359.4,99.1
Scandanavia,362.1,99.3
Scandanavia,363.6,97.9
Scandanavia,365.4,97.4
Scandanavia,366.2,95.3
Scandanavia,367.8,93.2
Scandanavia,368.3,90.5
Scandanavia,371.3,85.9
Scandanavia,372.8,83.2
Scandanavia,374.4,82
Scandanavia,375.9,78.9
Scandanavia,375.1,78
Scandanavia,380.7,76
Scandanavia,382,76.7
Scandanavia,382.3,74.7
Scandanavia,384.3,73.5
Scandanavia,387.2,74.3
Scandanavia,387.4,71.6
Scandanavia,390.2,70.4
Scandanavia,391.9,69
Scandanavia,395,67.9
Scandanavia,396.6,66.6
Scandanavia,398.1,67.9
Scandanavia,404.8,66.6
Scandanavia,405.8,68.6
Scandanavia,408.4,68.3
Scandanavia,410.1,69.7
Scandanavia,410.4,73.3
Scandanavia,410.3,77.2
Scandanavia,409,87.5
Scandanavia,410,94
Scandanavia,410.5,100.5
Scandanavia,411.7,104.8
Scandanavia,412.5,107.6
Scandanavia,411.7,110.9
Scandanavia,410.6,115.6
Scandanavia,411.1,117.9
Scandanavia,408.8,117.4
Scandanavia,407.4,115.9
Scandanavia,405,116.2
Scandanavia,403,115.1
Scandanavia,401.5,116.1
Scandanavia,396.3,116.7
Scandanavia,392.7,117.1
Scandanavia,391.3,115.2
Scandanavia,391.6,112.7
Scandanavia,392.2,110.6
Scandanavia,392.3,107.8
Scandanavia,394.5,105.6
Scandanavia,395.5,102.7
Scandanavia,394.8,100
Scandanavia,392.1,99.1
Scandanavia,389.1,101.5
Scandanavia,389.1,104.1
Scandanavia,387.7,106.5
Scandanavia,387.4,108.5
Scandanavia,384.7,109.8
Scandanavia,383.9,112.3
Scandanavia,385.7,116.4
Scandanavia,386.5,121.6
Scandanavia,385.4,126
Scandanavia,383.9,127.7
Scandanavia,380.7,130.2
Scandanavia,380.3,135.7
Scandanavia,377.4,138.4
Scandanavia,377,140.6
Scandanavia,375.8,141.6
Scandanavia,373.1,141.4
Scandanavia,371,139.2
Scandanavia,369.3,138.8
Scandanavia,367.5,138
Scandanavia,367.3,132.1
Scandanavia,365.6,129.2
Scandanavia,366.1,127.6
Scandanavia,364.6,125.9
Scandanavia,362.9,126.9
Scandanavia,360.7,130.2
Scandanavia,358.4,130.5
Scandanavia,357.4,131.4
Scandanavia,356,130.1
Ukraine,411.1,117.9
Ukraine,410.6,115.6
Ukraine,411.7,110.9
Ukraine,412.5,107.6
Ukraine,411.7,104.8
Ukraine,410.5,100.5
Ukraine,410,94
Ukraine,409,87.5
Ukraine,410.3,77.2
Ukraine,410.4,73.3
Ukraine,410.1,69.7
Ukraine,411.7,69.8
Ukraine,413.5,70.1
Ukraine,415.5,71
Ukraine,417.9,71.1
Ukraine,419.9,72
Ukraine,426.6,72
Ukraine,428.5,73
Ukraine,429.6,72.7
Ukraine,431.2,72.4
Ukraine,436.3,75.5
Ukraine,438.4,77.8
Ukraine,439,80.5
Ukraine,436.8,82.6
Ukraine,433.8,83.2
Ukraine,430.2,83.6
Ukraine,420.9,83.1
Ukraine,418.3,83.5
Ukraine,417.8,85.1
Ukraine,420.7,87.3
Ukraine,421.9,88.2
Ukraine,424,88.6
Ukraine,424.9,90.4
Ukraine,425.7,92.4
Ukraine,425.6,95
Ukraine,428.6,95.1
Ukraine,429.5,95.8
Ukraine,431.8,93.3
Ukraine,429.7,89.4
Ukraine,431,88.1
Ukraine,433,89.9
Ukraine,435.2,90.4
Ukraine,438.4,87.4
Ukraine,441.5,86.8
Ukraine,443.7,85.1
Ukraine,445.8,85.4
Ukraine,445.9,83.8
Ukraine,443.7,82.5
Ukraine,444.2,78.3
Ukraine,442.3,75.2
Ukraine,445,75
Ukraine,447.8,74.1
Ukraine,450.3,77.4
Ukraine,451.8,78.2
Ukraine,451,80.2
Ukraine,451,81.9
Ukraine,453.4,81.1
Ukraine,455,79.2
Ukraine,458.1,77.8
Ukraine,461,75.2
Ukraine,462.7,73.8
Ukraine,464.5,74.1
Ukraine,468.3,71.3
Ukraine,471,72.8
Ukraine,474.5,72.4
Ukraine,476.3,73.9
Ukraine,478.6,73.7
Ukraine,481.8,69.1
Ukraine,483.5,68.6
Ukraine,489.6,69.5
Ukraine,492,69.3
Ukraine,494.2,71.3
Ukraine,495.7,81
Ukraine,495,83.4
Ukraine,494.8,86.6
Ukraine,490.6,97.6
Ukraine,491.6,101
Ukraine,491,103.1
Ukraine,492.2,106.9
Ukraine,492.5,116.8
Ukraine,494.1,117.8
Ukraine,493.5,121.8
Ukraine,491.7,124.7
Ukraine,491.6,127.6
Ukraine,496.1,130.7
Ukraine,497.9,131.5
Ukraine,498.6,134.3
Ukraine,496,137.9
Ukraine,497.7,146.9
Ukraine,491.6,149.6
Ukraine,488.8,154.9
Ukraine,487.3,155.2
Ukraine,482.3,154
Ukraine,480.8,152.7
Ukraine,477.7,155.1
Ukraine,473.7,156.1
Ukraine,470.5,156.5
Ukraine,469.8,158
Ukraine,465,158.6
Ukraine,463,162.1
Ukraine,463.4,163.5
Ukraine,461,165.8
Ukraine,460.3,169.1
Ukraine,461.7,173.6
Ukraine,462.3,175.7
Ukraine,462.1,177.8
Ukraine,465,180.4
Ukraine,466.3,181.6
Ukraine,466.5,184.8
Ukraine,466,187.6
Ukraine,463.4,188.8
Ukraine,461.7,193.1
Ukraine,462.5,195.3
Ukraine,462.2,197.8
Ukraine,464.1,199.1
Ukraine,464.9,202
Ukraine,465.8,205.7
Ukraine,467.2,207.7
Ukraine,470.1,208.5
Ukraine,470.2,209.8
Ukraine,469,210.6
Ukraine,468.7,216
Ukraine,468.3,218.5
Ukraine,469.7,220.8
Ukraine,468.1,222.9
Ukraine,467,223.8
Ukraine,467,224.9
Ukraine,463.2,225.2
Ukraine,461.6,226.4
Ukraine,457.9,227.2
Ukraine,454.6,227.9
Ukraine,453.2,229
Ukraine,450.6,226.9
Ukraine,452,225.3
Ukraine,453.3,223.6
Ukraine,452.5,220
Ukraine,448.3,216.8
Ukraine,447.1,216.1
Ukraine,445.1,214.1
Ukraine,445.2,212.1
Ukraine,442.6,212.4
Ukraine,441.5,213.4
Ukraine,438.5,209.1
Ukraine,438.7,207.5
Ukraine,435.8,204.4
Ukraine,436.8,200.7
Ukraine,439.4,200.2
Ukraine,441.8,198
Ukraine,441.2,196.4
Ukraine,439.5,197.6
Ukraine,436.8,197.7
Ukraine,433.6,198.5
Ukraine,430.8,199.3
Ukraine,428.2,201.5
Ukraine,430.5,203.7
Ukraine,431.7,203.6
Ukraine,432.4,204.6
Ukraine,431.7,207
Ukraine,428.9,208.6
Ukraine,428.3,211.2
Ukraine,424.1,209
Ukraine,422.7,202.7
Ukraine,419.6,201.4
Ukraine,416.2,201.8
Ukraine,414.6,206
Ukraine,411.8,207.7
Ukraine,408.9,203.9
Ukraine,409.2,200.6
Ukraine,408.1,197.4
Ukraine,409.1,193.7
Ukraine,407.1,188.4
Ukraine,403.5,187.6
Ukraine,403.1,183.8
Ukraine,399.5,183.4
Ukraine,398.5,184.6
Ukraine,396.4,182.5
Ukraine,397,180.5
Ukraine,400.8,179.2
Ukraine,403.5,175.2
Ukraine,405.1,174.3
Ukraine,405.6,172.3
Ukraine,406.8,170.9
Ukraine,406.8,169
Ukraine,407.8,167.2
Ukraine,406.9,165.8
Ukraine,405.3,163.4
Ukraine,404.9,153.5
Ukraine,403.9,149.9
Ukraine,404,148.5
Ukraine,401.6,149
Ukraine,398,147.6
Ukraine,396.3,145.6
Ukraine,394.9,144.9
Ukraine,395.5,142.4
Ukraine,393.4,138
Ukraine,394.9,136.1
Ukraine,395.2,133.6
Ukraine,396.4,131.8
Ukraine,397,129.9
Ukraine,399.2,130
Ukraine,399.7,132.9
Ukraine,402.8,133.6
Ukraine,403.3,133.1
Ukraine,403,129.9
Ukraine,401.4,127.4
Ukraine,399.6,126.4
Ukraine,398.9,124.7
Ukraine,398.4,122
Ukraine,400.8,120.9
Ukraine,405.6,120.5
Ukraine,408.5,120.8
Ukraine,411.4,119.8
Ukraine,412.3,118.9
Northern Europe,394.9,144.9
Northern Europe,396.3,145.6
Northern Europe,398,147.6
Northern Europe,401.6,149
Northern Europe,404,148.5
Northern Europe,403.9,149.9
Northern Europe,404.9,153.5
Northern Europe,405.3,163.4
Northern Europe,406.9,165.8
Northern Europe,407.8,167.2
Northern Europe,406.8,169
Northern Europe,406.8,170.9
Northern Europe,405.6,172.3
Northern Europe,405.1,174.3
Northern Europe,403.5,175.2
Northern Europe,400.8,179.2
Northern Europe,397,180.5
Northern Europe,396.4,182.5
Northern Europe,398.5,184.6
Northern Europe,397.8,185.8
Northern Europe,396.4,188
Northern Europe,393.8,190.1
Northern Europe,392.4,192.9
Northern Europe,392,196.5
Northern Europe,392.7,199.1
Northern Europe,392.3,201.3
Northern Europe,383.2,201.2
Northern Europe,383.1,197
Northern Europe,381.9,194.9
Northern Europe,383.7,191.4
Northern Europe,380.3,189.2
Northern Europe,378.9,190.7
Northern Europe,372.3,191.5
Northern Europe,372,193.6
Northern Europe,370.1,196.5
Northern Europe,366.6,198
Northern Europe,364.5,198
Northern Europe,359.9,200
Northern Europe,358,197.3
Northern Europe,356.6,197.3
Northern Europe,352.6,198.8
Northern Europe,350.8,197.2
Northern Europe,350.2,194.9
Northern Europe,348.5,192
Northern Europe,347.1,190.9
Northern Europe,344.3,187.5
Northern Europe,343,183.8
Northern Europe,341.9,183
Northern Europe,343.3,180.1
Northern Europe,344.6,179.7
Northern Europe,345.4,176.4
Northern Europe,347,175.6
Northern Europe,347.5,172.4
Northern Europe,347.1,171.9
Northern Europe,350.8,171.2
Northern Europe,351.8,168.3
Northern Europe,353.6,166.2
Northern Europe,354,163.5
Northern Europe,354.7,160.9
Northern Europe,355.8,160.8
Northern Europe,356.5,158.2
Northern Europe,359.1,156.4
Northern Europe,359.4,154.8
Northern Europe,361.7,152.9
Northern Europe,363.5,144.1
Northern Europe,362.4,144.3
Northern Europe,360.9,139.2
Northern Europe,362.2,136.6
Northern Europe,363.3,136.5
Northern Europe,364.6,135.3
Northern Europe,365.8,137.1
Northern Europe,367.5,139.5
Northern Europe,367.5,142.5
Northern Europe,367.7,145.8
Northern Europe,369.4,147.5
Northern Europe,371.8,148
Northern Europe,374.1,147.7
Northern Europe,375.6,148.1
Northern Europe,378,147.2
Northern Europe,380.4,147
Northern Europe,382.4,147.1
Northern Europe,386.3,144.9
Northern Europe,389.9,144.3
Northern Europe,393.4,145.1
Western Europe,341.9,183
Western Europe,343,183.8
Western Europe,344.3,187.5
Western Europe,347.1,190.9
Western Europe,348.5,192
Western Europe,350.2,194.9
Western Europe,350.8,197.2
Western Europe,352.6,198.8
Western Europe,351.5,200
Western Europe,349.8,202.2
Western Europe,350.3,204.7
Western Europe,350.3,207.5
Western Europe,348.9,208.9
Western Europe,348.6,210.4
Western Europe,351.4,212.4
Western Europe,351,215.3
Western Europe,349.1,216.7
Western Europe,349.8,218.8
Western Europe,351.7,220.8
Western Europe,352,222
Western Europe,350,222.7
Western Europe,348.6,224.2
Western Europe,346.3,225
Western Europe,345.7,223.6
Western Europe,344,223.6
Western Europe,344.5,222.2
Western Europe,341.8,222.2
Western Europe,340,222
Western Europe,338.4,224.4
Western Europe,338.2,226.2
Western Europe,337.3,228
Western Europe,337.3,229
Western Europe,335.6,230.9
Western Europe,333.9,232.6
Western Europe,334.6,235.1
Western Europe,334.5,238.1
Western Europe,334.5,240.3
Western Europe,336,242.4
Western Europe,337,245.5
Western Europe,337.4,246.1
Western Europe,334.3,248.3
Western Europe,332.4,251
Western Europe,331.5,253.9
Western Europe,330.6,255.5
Western Europe,328,255
Western Europe,325.6,258.1
Western Europe,324.4,257.5
Western Europe,323.5,262
Western Europe,320.2,261.6
Western Europe,318.4,258.8
Western Europe,316.4,258.5
Western Europe,315,257
Western Europe,313.2,257.1
Western Europe,311.4,255
Western Europe,309.8,256.3
Western Europe,305.8,256.1
Western Europe,304.2,256.4
Western Europe,302.7,255.7
Western Europe,302.3,253.4
Western Europe,301.6,251.5
Western Europe,299.5,251.2
Western Europe,297.6,250.6
Western Europe,297.9,248.3
Western Europe,299.2,246.4
Western Europe,300.9,241.5
Western Europe,301.4,240.7
Western Europe,301.2,238.4
Western Europe,302.4,236.9
Western Europe,302.4,234.8
Western Europe,299.4,231.7
Western Europe,298.9,229.6
Western Europe,298,226.7
Western Europe,297.2,225.3
Western Europe,297.4,223.8
Western Europe,299.4,222.8
Western Europe,301,221.5
Western Europe,302.2,219.6
Western Europe,303.9,221.2
Western Europe,304,222.2
Western Europe,306.1,223
Western Europe,309.5,223.1
Western Europe,311.9,222
Western Europe,314.3,222
Western Europe,316.2,222.5
Western Europe,318,221.9
Western Europe,318.6,219.6
Western Europe,321,217.9
Western Europe,321.8,217.4
Western Europe,320.5,216.1
Western Europe,319.3,216.1
Western Europe,319.4,214.3
Western Europe,320.6,212.9
Western Europe,320.5,211
Western Europe,321.3,209.5
Western Europe,318.7,208
Western Europe,317.8,208.3
Western Europe,316.8,205.5
Western Europe,315.1,204
Western Europe,314.8,203
Western Europe,311.3,201
Western Europe,310.5,199
Western Europe,312.8,197.6
Western Europe,315.3,196.7
Western Europe,321.2,197.6
Western Europe,321.5,196.2
Western Europe,323.1,194.1
Western Europe,324.1,192.4
Western Europe,327,192.6
Western Europe,328.4,191.4
Western Europe,332.4,192.6
Western Europe,333.1,191.9
Western Europe,333.3,189.4
Western Europe,334.6,187.6
Western Europe,336,186.7
Western Europe,337.1,184.5
Western Europe,339.6,184.2
Southern Europe,352,222
Southern Europe,351.7,220.8
Southern Europe,349.8,218.8
Southern Europe,349.1,216.7
Southern Europe,351,215.3
Southern Europe,351.4,212.4
Southern Europe,348.6,210.4
Southern Europe,348.9,208.9
Southern Europe,350.3,207.5
Southern Europe,350.3,204.7
Southern Europe,349.8,202.2
Southern Europe,351.5,200
Southern Europe,352.6,198.8
Southern Europe,356.6,197.3
Southern Europe,352.6,198.8
Southern Europe,356.6,197.3
Southern Europe,358,197.3
Southern Europe,359.9,200
Southern Europe,364.5,198
Southern Europe,366.6,198
Southern Europe,370.1,196.5
Southern Europe,372,193.6
Southern Europe,372.3,191.5
Southern Europe,378.9,190.7
Southern Europe,380.3,189.2
Southern Europe,383.7,191.4
Southern Europe,381.9,194.9
Southern Europe,383.1,197
Southern Europe,383.2,201.2
Southern Europe,392.3,201.3
Southern Europe,392.7,199.1
Southern Europe,392,196.5
Southern Europe,392.4,192.9
Southern Europe,393.8,190.1
Southern Europe,396.4,188
Southern Europe,397.8,185.8
Southern Europe,398.5,184.6
Southern Europe,399.5,183.4
Southern Europe,403.1,183.8
Southern Europe,403.5,187.6
Southern Europe,407.1,188.4
Southern Europe,409.1,193.7
Southern Europe,408.1,197.4
Southern Europe,409.2,200.6
Southern Europe,408.9,203.9
Southern Europe,411.8,207.7
Southern Europe,411.1,209.0
Southern Europe,412.2,210.9
Southern Europe,411.2,212.2
Southern Europe,410.2,213.3
Southern Europe,410.8,215.0
Southern Europe,410.0,217.1
Southern Europe,408.9,219.1
Southern Europe,408.8,220.3
Southern Europe,407.7,222.0
Southern Europe,407.1,223.6
Southern Europe,406.0,224.9
Southern Europe,404.8,226.1
Southern Europe,404.0,227.5
Southern Europe,403.2,228.6
Southern Europe,402.6,229.9
Southern Europe,403.1,231.4
Southern Europe,402.8,232.8
Southern Europe,401.4,234.3
Southern Europe,400.5,234.8
Southern Europe,400.1,236.3
Southern Europe,399.8,237.3
Southern Europe,398.1,237.5
Southern Europe,396.6,237.5
Southern Europe,395.4,238.0
Southern Europe,394.7,239.0
Southern Europe,395.5,240.3
Southern Europe,396.6,241.4
Southern Europe,397.8,242.7
Southern Europe,398.2,243.8
Southern Europe,398.6,245.6
Southern Europe,398.2,247.0
Southern Europe,397.2,247.9
Southern Europe,397.3,249.0
Southern Europe,397.6,250.3
Southern Europe,398.9,251.5
Southern Europe,400.2,252.5
Southern Europe,399.0,253.8
Southern Europe,397.2,253.6
Southern Europe,396.2,251.6
Southern Europe,395.3,253.1
Southern Europe,394.3,253.5
Southern Europe,392.5,253.4
Southern Europe,391.5,252.0
Southern Europe,390.1,251.9
Southern Europe,389.2,250.4
Southern Europe,389.3,249.0
Southern Europe,389.6,247.2
Southern Europe,388.6,245.4
Southern Europe,388.5,243.4
Southern Europe,388.3,241.6
Southern Europe,387.6,239.3
Southern Europe,386.8,236.1
Southern Europe,385.1,235.7
Southern Europe,384.2,234.4
Southern Europe,382.8,234.0
Southern Europe,382.4,232.4
Southern Europe,382.3,228.9
Southern Europe,382.6,227.7
Southern Europe,381.2,225.8
Southern Europe,379.7,225.8
Southern Europe,378.3,223.7
Southern Europe,376.8,223.1
Southern Europe,375.9,222.6
Southern Europe,375.0,221.2
Southern Europe,374.7,220.6
Southern Europe,372.4,220.4
Southern Europe,371.0,220.1
Southern Europe,370.1,221.4
Southern Europe,370.1,223.2
Southern Europe,370.4,224.7
Southern Europe,371.5,225.0
Southern Europe,371.6,226.9
Southern Europe,372.6,227.2
Southern Europe,374.9,225.9
Southern Europe,375.2,226.4
Southern Europe,375.6,229.5
Southern Europe,376.8,230.8
Southern Europe,378.3,232.0
Southern Europe,379.4,233.9
Southern Europe,380.1,235.0
Southern Europe,380.9,235.5
Southern Europe,380.2,237.6
Southern Europe,378.6,238.4
Southern Europe,376.2,236.9
Southern Europe,376.1,235.8
Southern Europe,373.6,236.3
Southern Europe,372.3,235.9
Southern Europe,372.5,237.3
Southern Europe,373.6,238.9
Southern Europe,374.7,239.6
Southern Europe,374.7,241.4
Southern Europe,373.9,243.2
Southern Europe,373.1,244.7
Southern Europe,372.3,246.8
Southern Europe,371.0,247.9
Southern Europe,369.9,248.3
Southern Europe,369.5,250.2
Southern Europe,366.8,251.0
Southern Europe,365.5,251.8
Southern Europe,363.7,251.1
Southern Europe,362.3,250.3
Southern Europe,361.9,249.0
Southern Europe,360.7,250.1
Southern Europe,359.8,247.7
Southern Europe,358.7,248.1
Southern Europe,358.4,245.9
Southern Europe,360.0,244.0
Southern Europe,361.6,244.0
Southern Europe,363.1,244.9
Southern Europe,365.3,244.5
Southern Europe,366.2,246.7
Southern Europe,367.1,243.2
Southern Europe,369.6,240.7
Southern Europe,369.9,238.7
Southern Europe,368.6,237.9
Southern Europe,368.5,234.9
Southern Europe,367.7,233.2
Southern Europe,365.6,231.5
Southern Europe,363.2,230.1
Southern Europe,361.7,228.2
Southern Europe,360.7,227.6
Southern Europe,359.6,228.2
Southern Europe,358.1,226.3
Southern Europe,356.9,225.8
Southern Europe,356.1,223.0
Southern Europe,353.6,221.7
